<?xml version="1.0" encoding="utf-8" ?>
<dwsync>
<file name="bookmark.png" server="005.3vftp.com" local="132293676101201914" remote="132293897400000000" Dst="0" />
<file name="btn_click.png" server="005.3vftp.com" local="132293807018872521" remote="132293897400000000" Dst="0" />
<file name="bookmark_selected.png" server="005.3vftp.com" local="132293677948605595" remote="132293897400000000" Dst="0" />
<file name="btn_next.png" server="005.3vftp.com" local="132293821270630066" remote="132293897400000000" Dst="0" />
<file name="btn.png" server="005.3vftp.com" local="132293806527078958" remote="132293897400000000" Dst="0" />
<file name="btn_prev.png" server="005.3vftp.com" local="132293821577240356" remote="132293897400000000" Dst="0" />
<file name="carrot.png" server="005.3vftp.com" local="132292776371273895" remote="132293897400000000" Dst="0" />
<file name="clip.png" server="005.3vftp.com" local="132293558101847703" remote="132293897400000000" Dst="0" />
<file name="line.png" server="005.3vftp.com" local="132293720762032685" remote="132293897400000000" Dst="0" />
<file name="long_line.png" server="005.3vftp.com" local="132293727921626299" remote="132293897400000000" Dst="0" />
<file name="paper_texture.png" server="005.3vftp.com" local="132293544605034097" remote="132293897400000000" Dst="0" />
<file name="paper.png" server="005.3vftp.com" local="132292426860779142" remote="132293897400000000" Dst="0" />
<file name="text_dot.png" server="005.3vftp.com" local="132293590002659433" remote="132293897400000000" Dst="0" />
<file name="text_sprite.psd" server="005.3vftp.com" local="132293702143939670" remote="132293897400000000" Dst="0" />
</dwsync>